,Modelo,Clasificación Energética,Mínimo,Máximo,Mínimo.1,Máximo.1
0,Volkswagen Turismos Tiguan Allspace MY22 Tiguan Allspace Life 1.5 TSI 110 kW (150 CV)  Manual 6 vel.,,"6,8","6,8","155,0","155,0"
1,Volkswagen Turismos Tiguan Allspace MY22 Tiguan Allspace Life 2.0 TDI 110 kW (150 CV)  Automatico DSG 7 vel.,,"5,7","5,7","149,0","149,0"
2,Volkswagen Turismos Tiguan Allspace MY22 Tiguan Allspace Life 2.0 TDI 110 kW (150 CV)  Manual 6 vel.,,"5,3","5,3","140,0","140,0"
3,Volkswagen Turismos Tiguan Allspace MY22 Tiguan Allspace Life 2.0 TDI 4Motion 110 kW (150 CV)  Automatico DSG 7 vel.,,"6,2","6,2","163,0","163,0"
4,Volkswagen Turismos Tiguan Allspace MY22 Tiguan Allspace R-Line 1.5 TSI 110 kW (150 CV)  Automatico DSG 7 vel.,,"7,5","7,5","171,0","171,0"
5,Volkswagen Turismos Tiguan Allspace MY22 Tiguan Allspace R-Line 2.0 TDI 110 kW (150 CV)  Automatico DSG 7 vel.,,"5,9","5,9","156,0","156,0"
6,Volkswagen Turismos Tiguan Allspace MY22 Tiguan Allspace R-Line 2.0 TDI 4Motion 110 kW (150 CV)  Automatico DSG 7 vel.,,"6,5","6,5","170,0","170,0"
7,Volkswagen Turismos Tiguan Allspace MY22 Tiguan Allspace R-Line 2.0 TDI 4Motion 147 kW (200 CV)  Automatico DSG 7 vel.,,"6,7","6,7","176,0","176,0"
8,Volkswagen Turismos Tiguan Allspace MY22 Tiguan Allspace R-Line 2.0 TSI 4Motion 140 kW (190 CV)  Automatico DSG 7 vel.,,"8,5","8,5","193,0","193,0"
9,Volkswagen Turismos TIGUAN MY22 Tiguan 1.5 TSI 96 kW (130 CV)  6 vel.,,"6,3","6,3","141,0","141,0"
10,Volkswagen Turismos TIGUAN MY22 Tiguan 2.0 TDI 90 kW (122 CV)  6 vel.,,"5,1","5,1","132,0","132,0"
11,Volkswagen Turismos TIGUAN MY22 Tiguan eHybrid Life 1.4 TSI Combinado: 180 kW (245 CV)  Automatico DSG 6 vel.,,"1,6","1,6","38,0","38,0"
12,Volkswagen Turismos TIGUAN MY22 Tiguan eHybrid R-Line 1.4 TSI Combinado: 180 kW (245 CV)  Automatico DSG 6 vel.,,"1,8","1,8","41,0","41,0"
13,Volkswagen Turismos TIGUAN MY22 Tiguan Life 1.5 TSI 110 kW (150 CV)  6 vel.,,"6,6","6,6","149,0","149,0"
14,Volkswagen Turismos TIGUAN MY22 Tiguan Life 1.5 TSI 110 kW (150 CV)  Automatico DSG 7 vel.,,"7,0","7,0","158,0","158,0"
15,Volkswagen Turismos TIGUAN MY22 Tiguan Life 1.5 TSI 96 kW (130 CV)  6 vel.,,"6,4","6,4","144,0","144,0"
16,Volkswagen Turismos TIGUAN MY22 Tiguan Life 2.0 TDI 110 kW (150 CV)  6 vel.,,"5,2","5,2","136,0","136,0"
17,Volkswagen Turismos TIGUAN MY22 Tiguan Life 2.0 TDI 110 kW (150 CV) Automatico DSG 7 vel.,,"5,6","5,6","145,0","145,0"
18,Volkswagen Turismos TIGUAN MY22 Tiguan Life 2.0 TDI 90 kW (122 CV)  6 vel.,,"5,2","5,2","134,0","134,0"
19,Volkswagen Turismos TIGUAN MY22 Tiguan R 2.0 TSI 235 kW (320 CV)  Automatico DSG 7 vel.,,"10,0","10,0","224,0","224,0"
20,Volkswagen Turismos TIGUAN MY22 Tiguan R-Line 1.5 TSI 110 kW (150 CV)  Automatico DSG 7 vel.,,"7,3","7,3","164,0","164,0"
21,Volkswagen Turismos TIGUAN MY22 Tiguan R-Line 2.0 TDI 110 kW (150 CV)  6 vel.,,"5,4","5,4","141,0","141,0"
22,Volkswagen Turismos TIGUAN MY22 Tiguan R-Line 2.0 TDI 110 kW (150 CV) Automatico DSG 7 vel.,,"5,8","5,8","151,0","151,0"
23,Volkswagen Turismos TIGUAN MY22 Tiguan R-Line 2.0 TDI 4Motion 110 kW (150 CV) Automatico DSG 7 vel.,,"6,5","6,5","168,0","168,0"
24,Volkswagen Turismos TIGUAN MY22 Tiguan R-Line 2.0 TDI 4Motion 147 kW (200 CV)  Automatico DSG 7 vel.,,"6,6","6,6","171,0","171,0"
25,Volkswagen Turismos TIGUAN MY22 Tiguan R-Line 2.0 TSI 4Motion 140 kW (190 CV)  Automatico DSG 7 vel.,,"8,4","8,4","188,0","188,0"
26,Volkswagen Turismos TIGUAN MY22 Tiguan Urban Sport 1.5 TSI 110 kW (150 CV)  6 vel.,,"6,6","6,6","149,0","149,0"
27,Volkswagen Turismos TIGUAN MY22 Tiguan Urban Sport 1.5 TSI 110 kW (150 CV)  Automatico DSG 7 vel.,,"7,0","7,0","158,0","158,0"
28,Volkswagen Turismos TIGUAN MY22 Tiguan Urban Sport 1.5 TSI 96 kW (130 CV)  6 vel.,,"6,4","6,4","144,0","144,0"
29,Volkswagen Turismos TIGUAN MY22 Tiguan Urban Sport 2.0 TDI 110 kW (150 CV)  6 vel.,,"5,2","5,2","136,0","136,0"
30,Volkswagen Turismos TIGUAN MY22 Tiguan Urban Sport 2.0 TDI 110 kW (150 CV) Automatico DSG 7 vel.,,"5,6","5,6","145,0","145,0"
31,Volkswagen Turismos TIGUAN MY22 Tiguan Urban Sport 2.0 TDI 90 kW (122 CV)  6 vel.,,"5,2","5,2","134,0","134,0"
32,Volkswagen Turismos TOUAREG MY 21 Touareg eHybrid Atmosphere 3.0 V6 TSI 4Motion 280 kW (381 CV) Tiptronic 8 vel.,,"2,7","2,7","60,0","60,0"
33,Volkswagen Turismos TOUAREG MY 21 Touareg eHybrid Elegance 3.0 V6 TSI 4Motion 280 kW (381 CV) Tiptronic 8 vel.,,"2,7","2,7","60,0","60,0"
34,Volkswagen Turismos TOUAREG MY 21 Touareg Premium Atmosphere 3.0 V6 TDI 4Motion 170 kW (231CV) Tiptronic 8 vel.,,"8,1","8,1","212,0","212,0"
35,Volkswagen Turismos TOUAREG MY 21 Touareg Premium Atmosphere 3.0 V6 TDI 4Motion 210 kW (286 CV) Tiptronic 8 vel.,,"8,1","8,1","212,0","212,0"
36,Volkswagen Turismos TOUAREG MY 21 Touareg Premium Elegance 3.0 V6 TDI 4Motion 170 kW (231CV) Tiptronic 8 vel.,,"8,1","8,1","212,0","212,0"
37,Volkswagen Turismos TOUAREG MY 21 Touareg Premium Elegance 3.0 V6 TDI 4Motion 210 kW (286 CV) Tiptronic 8 vel.,,"8,1","8,1","212,0","212,0"
38,Volkswagen Turismos TOUAREG MY 21 Touareg Pure 3.0 V6 TDI 4Motion 170 kW (231CV) Tiptronic 8 vel.,,"8,0","8,0","210,0","210,0"
39,Volkswagen Turismos TOUAREG MY 21 Touareg R 3.0 V6 TSI 4Motion 340 kW (462 CV) Tiptronic 8 vel.,,"2,8","2,8","62,0","62,0"
40,Volkswagen Turismos TOUAREG MY 21 Touareg R-Line 3.0 V6 TDI 4Motion 170 kW (231CV) Tiptronic 8 vel.,,"8,3","8,3","217,0","217,0"
41,Volkswagen Turismos TOUAREG MY 21 Touareg R-Line 3.0 V6 TDI 4Motion 210 kW (286 CV) Tiptronic 8 vel.,,"8,3","8,3","217,0","217,0"
42,Volkswagen Turismos TOUAREG MY 21 Touareg R-Line Individual Atmosphere 3.0 V6 TDI 4Motion 170 kW (231CV) Tiptronic 8 vel.,,"8,3","8,3","217,0","217,0"
43,Volkswagen Turismos TOUAREG MY 21 Touareg R-Line Individual Atmosphere 3.0 V6 TDI 4Motion 210 kW (286 CV) Tiptronic 8 vel.,,"8,3","8,3","217,0","217,0"
44,Volkswagen Turismos TOUAREG MY 21 Touareg R-Line Individual Elegance 3.0 V6 TDI 4Motion 170 kW (231CV) Tiptronic 8 vel.,,"8,3","8,3","217,0","217,0"
45,Volkswagen Turismos TOUAREG MY 21 Touareg R-Line Individual Elegance 3.0 V6 TDI 4Motion 210 kW (286 CV) Tiptronic 8 vel.,,"8,3","8,3","217,0","217,0"
46,Volkswagen Turismos TOUAREG MY22 Touareg eHybrid Atmosphere 3.0 V6 TSI 4Motion Combinado: 280 kW (381 CV) Tiptronic 8 vel.,,"2,7","2,7","60,0","60,0"
47,Volkswagen Turismos TOUAREG MY22 Touareg eHybrid Elegance 3.0 V6 TSI 4Motion Combinado: 280 kW (381 CV)  Tiptronic 8 vel.,,"2,7","2,7","60,0","60,0"
48,Volkswagen Turismos TOUAREG MY22 Touareg Premium Atmosphere 3.0 V6 TDI 4Motion 170 kW (231CV)  Tiptronic 8 vel.,,"8,1","8,1","212,0","212,0"
49,Volkswagen Turismos TOUAREG MY22 Touareg Premium Atmosphere 3.0 V6 TDI 4Motion 210 kW (286 CV)  Tiptronic 8 vel.,,"8,1","8,1","212,0","212,0"
50,Volkswagen Turismos TOUAREG MY22 Touareg Premium Elegance 3.0 V6 TDI 4Motion 170 kW (231CV)  Tiptronic 8 vel.,,"8,1","8,1","212,0","212,0"
51,Volkswagen Turismos TOUAREG MY22 Touareg Premium Elegance 3.0 V6 TDI 4Motion 210 kW (286 CV)  Tiptronic 8 vel.,,"8,1","8,1","212,0","212,0"
52,Volkswagen Turismos TOUAREG MY22 Touareg Pure 3.0 V6 TDI 4Motion 170 kW (231CV)  Tiptronic 8 vel.,,"8,0","8,0","210,0","210,0"
53,Volkswagen Turismos TOUAREG MY22 Touareg R 3.0 V6 TSI 4Motion 340 kW (462 CV)  Tiptronic 8 vel.,,"2,8","2,8","62,0","62,0"
54,Volkswagen Turismos TOUAREG MY22 Touareg R-Line 3.0 V6 TDI 4Motion 170 kW (231CV)  Tiptronic 8 vel.,,"8,3","8,3","217,0","217,0"
55,Volkswagen Turismos TOUAREG MY22 Touareg R-Line 3.0 V6 TDI 4Motion 210 kW (286 CV)  Tiptronic 8 vel.,,"8,3","8,3","217,0","217,0"
56,Volkswagen Turismos TOUAREG MY22 Touareg R-Line Individual Premium Atmosphere 3.0 V6 TDI 4Motion 170 kW (231CV) Tiptronic 8 vel,,"8,3","8,3","217,0","217,0"
57,Volkswagen Turismos TOUAREG MY22 Touareg R-Line Individual Premium Atmosphere 3.0 V6 TDI 4Motion 210 kW (286 CV) Tiptronic 8 vel,,"8,3","8,3","217,0","217,0"
58,Volkswagen Turismos TOUAREG MY22 Touareg R-Line Individual Premium Elegance 3.0 V6 TDI 4Motion 210 kW (286 CV) Tiptronic 8 vel,,"8,3","8,3","217,0","217,0"
59,Volkswagen Turismos TOUAREG MY22 Touareg R-Line Invididual Premium Elegance 3.0 V6 TDI 4Motion 170 kW (231CV) Tiptronic 8 vel.,,"8,3","8,3","217,0","217,0"
60,Volkswagen Turismos TOURAN MY 21 Touran Advance 1.5 TSI EVO 110 kW (150 CV) 6 vel.,,"6,6","6,6","150,0","150,0"
61,Volkswagen Turismos TOURAN MY 21 Touran Advance 1.5 TSI EVO 110 kW (150 CV) Automático DSG 7 vel.,,"6,6","6,6","149,0","149,0"
62,Volkswagen Turismos TOURAN MY 21 Touran Advance 2.0 TDI 110 kW (150 CV) Automático DSG 7 vel.,,"5,4","5,4","142,0","142,0"
63,Volkswagen Turismos TOURAN MY 21 Touran Advance 2.0 TDI 90 kW (122 CV) 6 vel.,,"5,2","5,2","136,0","136,0"
64,Volkswagen Turismos TOURAN MY 21 Touran Business & Navi 1.5 TSI EVO 110 kW (150 CV) Automático DSG 7 vel.,,"6,6","6,6","149,0","149,0"
65,Volkswagen Turismos TOURAN MY 21 Touran Business & Navi 2.0 TDI 90 kW (122 CV) 6 vel.,,"5,1","5,1","135,0","135,0"
66,Volkswagen Turismos TOURAN MY 21 Touran Business 1.5 TSI EVO 110 kW (150 CV) Automático DSG 7 vel.,,"6,6","6,6","148,0","148,0"
67,Volkswagen Turismos TOURAN MY 21 Touran Business 2.0 TDI 90 kW (122 CV) 6 vel.,,"5,1","5,1","135,0","135,0"
68,Volkswagen Turismos TOURAN MY 21 Touran Edition 1.5 TSI EVO 110 kW (150 CV) Automático DSG 7 ve,,"6,5","6,5","149,0","149,0"
69,Volkswagen Turismos TOURAN MY 21 Touran Edition 2.0 TDI 90 kW (122 CV) 6 vel.,,"5,1","5,1","135,0","135,0"
70,Volkswagen Turismos TOURAN MY 21 Touran Sport 1.5 TSI EVO 110 kW (150 CV) 6 vel.,,"6,6","6,6","149,0","149,0"
71,Volkswagen Turismos TOURAN MY 21 Touran Sport 1.5 TSI EVO 110 kW (150 CV) Automático DSG 7 vel.,,"6,6","6,6","149,0","149,0"
72,Volkswagen Turismos TOURAN MY 21 Touran Sport 2.0 TDI 110 kW (150 CV) Automático DSG 7 vel.,,"5,4","5,4","141,0","141,0"
73,Volkswagen Turismos TOURAN MY 21 Touran Sport 2.0 TDI 90 kW (122 CV) 6 vel.,,"5,1","5,1","135,0","135,0"
74,Volkswagen Turismos TOURAN MY22 Touran Advance 1.5 TSI EVO 110 kW (150 CV)  6 vel.,,"6,6","6,6","149,0","149,0"
75,Volkswagen Turismos TOURAN MY22 Touran Advance 1.5 TSI EVO 110 kW (150 CV)  Automatico DSG 7 vel.,,"6,5","6,5","148,0","148,0"
76,Volkswagen Turismos TOURAN MY22 Touran Advance 2.0 TDI 110 kW (150 CV)  Automatico DGS 7 vel.,,"5,3","5,3","140,0","140,0"
77,Volkswagen Turismos TOURAN MY22 Touran Advance 2.0 TDI 90 kW (122 CV)  6 vel.,,"5,1","5,1","134,0","134,0"
78,Volkswagen Turismos TOURAN MY22 Touran Business & Navi 1.5 TSI EVO 110 kW (150 CV)  Automatico DSG 7 vel.,,"5,1","5,1","148,0","148,0"
79,Volkswagen Turismos TOURAN MY22 Touran Business & Navi 2.0 TDI 90 kW (122 CV)  6 vel.,,"5,1","5,1","134,0","134,0"
80,Volkswagen Turismos TOURAN MY22 Touran Business 1.5 TSI EVO 110 kW (150 CV)  Automatico DSG 7 vel.,,"6,5","6,5","148,0","148,0"
81,Volkswagen Turismos TOURAN MY22 Touran Business 2.0 TDI 90 kW (122 CV)  6 vel.,,"6,5","6,5","134,0","134,0"
82,Volkswagen Turismos TOURAN MY22 Touran Edition 1.5 TSI EVO 110 kW (150 CV)  Automatico DSG 7 vel.,,"6,5","6,5","148,0","148,0"
83,Volkswagen Turismos TOURAN MY22 Touran Edition 2.0 TDI 90 kW (122 CV)  6 vel.,,"5,1","5,1","133,0","133,0"
84,Volkswagen Turismos TOURAN MY22 Touran Sport 1.5 TSI EVO 110 kW (150 CV)  6 vel.,,"6,6","6,6","149,0","149,0"
85,Volkswagen Turismos TOURAN MY22 Touran Sport 1.5 TSI EVO 110 kW (150 CV)  Automatico DSG 7 vel.,,"6,6","6,6","149,0","149,0"
86,Volkswagen Turismos TOURAN MY22 Touran Sport 2.0 TDI 110 kW (150 CV)  Automatico DSG 7 vel.,,"5,3","5,3","140,0","140,0"
87,Volkswagen Turismos TOURAN MY22 Touran Sport 2.0 TDI 90 kW (122 CV)  6 vel.,,"5,1","5,1","134,0","134,0"
88,Volkswagen Turismos POLO MY21 United 1.0 TSI 81kW (110CV) Manual 6 vel.,,"5,2","5,2","118,0","118,0"
89,Volkswagen Turismos POLO MY22 Polo 1.0 TSI 70 kW (95 CV)  5 vel.,,"5,2","5,2","117,0","117,0"
90,Volkswagen Turismos POLO MY22 Polo Life 1.0 TSI 70 kW (95 CV)  5 vel.,,"5,2","5,2","118,0","118,0"
91,Volkswagen Turismos POLO MY22 Polo Life 1.0 TSI 70 kW (95 CV)  Automatico DSG 7 vel.,,"5,5","5,5","125,0","125,0"
92,Volkswagen Turismos POLO MY22 Polo Life 1.0 TSI 81 kW (110 CV)  Automatico DSG 7 vel.,,"5,5","5,5","125,0","125,0"
93,Volkswagen Turismos POLO MY22 Polo R-Line 1.0 TSI 70 kW (95 CV)  5 vel.,,"5,2","5,2","119,0","119,0"
94,Volkswagen Turismos POLO MY22 Polo R-Line 1.0 TSI 70 kW (95 CV)  Automatico DSG 7 vel.,,"5,6","5,6","127,0","127,0"
95,Volkswagen Turismos POLO MY22 Polo R-Line 1.0 TSI 81 kW (110 CV)  Automatico DSG 7 vel.,,"5,6","5,6","128,0","128,0"
96,Volkswagen Turismos T-Cross MY21 Advance 1.0 TSI 70 kW (95 CV ) 5 vel.,,"5,8","5,8","132,0","132,0"
97,Volkswagen Turismos T-Cross MY21 Advance 1.0 TSI 81 kW (110 CV ) 6 vel.,,"5,8","5,8","133,0","133,0"
98,Volkswagen Turismos T-Cross MY21 Advance 1.0 TSI 81 kW (110 CV ) Automatico DSG 7 vel.,,"6,4","6,4","146,0","146,0"
99,Volkswagen Turismos T-Cross MY21 Advance 1.5 TSI 110 kW (150 CV ) Automatico DSG 7 vel,,"6,0","6,0","136,0","136,0"
100,Volkswagen Turismos T-Cross MY21 Edition 1.0 TSI 70 kW (95 CV ) 5 vel.,,"5,8","5,8","131,0","131,0"
101,Volkswagen Turismos T-Cross MY21 Sport 1.0 TSI 81 kW (110 CV ) 6 vel.,,"5,8","5,8","132,0","132,0"
102,Volkswagen Turismos T-Cross MY21 Sport 1.0 TSI 81 kW (110 CV ) Automatico DSG 7 vel.,,"6,5","6,5","146,0","146,0"
103,Volkswagen Turismos T-Cross MY21 Sport 1.5 TSI 110 kW (150 CV ) Automatico DSG 7 vel.,,"6,0","6,0","136,0","136,0"
104,Volkswagen Turismos T-Cross MY22 T-Cross Advance 1.0 TSI 70 kW (95 CV )  5 vel.,,"5,8","5,8","131,0","131,0"
105,Volkswagen Turismos T-Cross MY22 T-Cross Advance 1.0 TSI 81 kW (110 CV )  6 vel.,,"5,8","5,8","131,0","131,0"
106,Volkswagen Turismos T-Cross MY22 T-Cross Advance 1.0 TSI 81 kW (110 CV )  DSG 7 vel.,,"6,0","6,0","137,0","137,0"
107,Volkswagen Turismos T-Cross MY22 T-Cross Advance 1.5 TSI 110 kW (150 CV )  Automatico DSG 7 vel.,,"5,9","5,9","135,0","135,0"
108,Volkswagen Turismos T-Cross MY22 T-Cross Edition 1.0 TSI 70 kW (95 CV )  5 vel.,,"5,7","5,7","129,0","129,0"
109,Volkswagen Turismos T-Cross MY22 T-Cross Sport 1.0 TSI 81 kW (110 CV )  6 vel.,,"5,8","5,8","131,0","131,0"
110,Volkswagen Turismos T-Cross MY22 T-Cross Sport 1.0 TSI 81 kW (110 CV )  DSG 7 vel.,,"6,1","6,1","134,0","134,0"
111,Volkswagen Turismos T-Cross MY22 T-Cross Sport 1.5 TSI 110 kW (150 CV )  Automatico DSG 7 vel.,,"5,9","5,9","134,0","134,0"
112,Volkswagen Turismos T-Roc Cabrio MY21 Cabrio Style 1.0 TSI 81 kW (110 CV) 6 vel.,,"6,3","6,3","144,0","144,0"
113,Volkswagen Turismos T-Roc Cabrio MY21 R-LINE1.5 TSI 110kW (150 CV) Automática DSG7,,"7,0","7,0","159,0","159,0"
114,Volkswagen Turismos T-Roc Cabrio MY21 R-LINE1.5 TSI 110kW (150 CV) Manual 6 vel.,,"7,0","7,0","158,0","158,0"
115,Volkswagen Turismos T-Roc Cabrio MY21 STYLE1.5 TSI 110kW (150 CV) Automática DSG7,,"6,7","6,7","153,0","153,0"
116,Volkswagen Turismos T-Roc Cabrio MY21 STYLE1.5 TSI 110kW (150 CV) Manual 6 vel.,,"6,6","6,6","150,0","150,0"
117,Volkswagen Turismos T-Roc Cabrio MY22 T-Roc Cabrio R-Line 1.5 TSI 110 kW (150 CV)  6 vel.,,"6,9","6,9","157,0","157,0"
118,Volkswagen Turismos T-Roc Cabrio MY22 T-Roc Cabrio R-Line 1.5 TSI 110 kW (150 CV)  Automatico DSG 7 vel.,,"6,8","6,8","155,0","155,0"
119,Volkswagen Turismos T-Roc Cabrio MY22 T-Roc Cabrio Style 1.5 TSI 110 kW (150 CV)  6 vel.,,"6,6","6,6","149,0","149,0"
120,Volkswagen Turismos T-Roc Cabrio MY22 T-Roc Cabrio Style 1.5 TSI 110 kW (150 CV)  Automatico DSG 7 vel.,,"6,6","6,6","149,0","149,0"
121,Volkswagen Turismos T-Roc Cabrio MY22 T-Roc Cabrio Style 1.5 TSI 81 kW (110 CV)  6 vel.,,"6,3","6,3","143,0","143,0"
122,Volkswagen Turismos T-Roc MY21 Advance 1.0 TSI 81 kW (110 CV) 6 vel.,,"6,1","6,1","137,0","137,0"
123,Volkswagen Turismos T-Roc MY21 Advance 2.0 TDI 85 kW (115 CV) 6 vel.,,"4,7","4,7","124,0","124,0"
124,Volkswagen Turismos T-Roc MY21 Advance Style 1.0 TSI 81 kW (110 CV) 6 vel.,,"6,1","6,1","138,0","138,0"
125,Volkswagen Turismos T-Roc MY21 Advance Style 2.0 TDI 85 kW (115 CV) 6 vel.,,"4,7","4,7","124,0","124,0"
126,Volkswagen Turismos T-Roc MY21 Advance Style1.0 TSI 85kW (115CV) Manual 6 velocidades,,"6,3","6,3","143,0","143,0"
127,Volkswagen Turismos T-Roc MY21 Advance Style1.5 TSI EVO 110kW (150CV) DSG7 velocidades,,"6,5","6,5","147,0","147,0"
128,Volkswagen Turismos T-Roc MY21 Advance Style1.6 TDI 85kW (115CV) Manual 6 velocidades,,"4,8","4,8","127,0","127,0"
129,Volkswagen Turismos T-Roc MY21 Advance Style2.0 TDI 110kW (150CV) DSG7 velocidades,,"4,9","4,9","129,0","129,0"
130,Volkswagen Turismos T-Roc MY21 Advance1.5 TSI EVO 110kW (150CV) DSG7 velocidades,,"6,5","6,5","147,0","147,0"
131,Volkswagen Turismos T-Roc MY21 Advance1.5 TSI EVO 110kW (150CV) Manual 6 velocidades,,"6,3","6,3","143,0","143,0"
132,Volkswagen Turismos T-Roc MY21 Advance2.0 TDI 110kW (150CV) DSG7 velocidades,,"4,9","4,9","129,0","129,0"
133,Volkswagen Turismos T-Roc MY21 Advance2.0 TDI 110kW (150CV) Manual 6 velocidades,,"4,8","4,8","127,0","127,0"
134,Volkswagen Turismos T-Roc MY21 Edition1.0 TSI 85kW (115CV) Manual 6 velocidades,,"6,2","6,2","136,0","136,0"
135,Volkswagen Turismos T-Roc MY21 Edition1.6 TDI 85kW (115CV) Manual 6 velocidades,,"4,7","4,7","123,0","123,0"
136,Volkswagen Turismos T-Roc MY21 RR 2.0 TSI 4MOTION 221kW (300CV) DSG7 velocidades,,"8,6","8,6","198,0","198,0"
137,Volkswagen Turismos T-Roc MY21 Sport 2.0 TDI 4Motion 110 kW (150 CV) Automático DSG 7 vel.,,"5,6","5,6","147,0","147,0"
138,Volkswagen Turismos T-Roc MY21 Sport1.5 TSI EVO 110kW (150CV) DSG7 velocidades,,"6,5","6,5","147,0","147,0"
139,Volkswagen Turismos T-Roc MY21 Sport1.5 TSI EVO 110kW (150CV) Manual 6 velocidades,,"6,3","6,3","143,0","143,0"
140,Volkswagen Turismos T-Roc MY21 Sport2.0 TDI 110kW (150CV) DSG7 velocidades,,"4,9","4,9","129,0","129,0"
141,Volkswagen Turismos T-Roc MY21 Sport2.0 TDI 110kW (150CV) Manual 6 velocidades,,"4,8","4,8","127,0","127,0"
142,Volkswagen Turismos T-Roc MY21 Sport2.0 TSI 4MOTION 140kW (190CV) DSG7 velocidades,,"7,9","7,9","168,0","168,0"
143,Volkswagen Turismos T-Roc MY22 T-Roc Advance 1.0 TSI 81 kW (110 CV)  6 vel.,,"6,0","6,0","136,0","136,0"
144,Volkswagen Turismos T-Roc MY22 T-Roc Advance 1.5 TSI 110 kW (150 CV)  6 vel.,,"6,2","6,2","141,0","141,0"
145,Volkswagen Turismos T-Roc MY22 T-Roc Advance 1.5 TSI 110 kW (150 CV)  Automatico DSG 7 vel.,,"6,3","6,3","143,0","143,0"
146,Volkswagen Turismos T-Roc MY22 T-Roc Advance 2.0 TDI 110 kW (150 CV)  Automatico DSG 7 vel.,,"4,9","4,9","128,0","128,0"
147,Volkswagen Turismos T-Roc MY22 T-Roc ADVANCE 2.0 TDI 110kW (150CV) Manual 6 velocidades*,,"4,8","4,8","125,0","125,0"
148,Volkswagen Turismos T-Roc MY22 T-Roc Advance 2.0 TDI 85 kW (115 CV)  6 vel.,,"4,7","4,7","123,0","123,0"
149,Volkswagen Turismos T-Roc MY22 T-Roc Advance R- Line 2.0 TDI 110 kW (150 CV)  Automatico DSG 7 vel.,,"4,9","4,9","128,0","128,0"
150,Volkswagen Turismos T-Roc MY22 T-Roc Advance R-Line 1.0 TSI 81 kW (110 CV)  6 vel.,,"6,0","6,0","136,0","136,0"
151,Volkswagen Turismos T-Roc MY22 T-Roc Advance R-Line 1.5 TSI 110 kW (150 CV)  6 vel.,,"6,2","6,2","142,0","142,0"
152,Volkswagen Turismos T-Roc MY22 T-Roc Advance R-Line 1.5 TSI 110 kW (150 CV)  Automatico DSG 7 vel.,,"6,3","6,3","144,0","144,0"
153,Volkswagen Turismos T-Roc MY22 T-Roc Advance R-Line 2.0 TDI 110kW (150CV) Manual 6 velocidades*,,"4,8","4,8","126,0","126,0"
154,Volkswagen Turismos T-Roc MY22 T-Roc Advance R-Line 2.0 TDI 85 kW (115 CV)  6 vel.,,"4,7","4,7","123,0","123,0"
155,Volkswagen Turismos T-Roc MY22 T-Roc Advance Style 1.0 TSI 81 kW (110 CV)  6 vel.,,"6,0","6,0","136,0","136,0"
156,Volkswagen Turismos T-Roc MY22 T-Roc Advance Style 1.5 TSI 110 kW (150 CV)  6 vel.,,"6,2","6,2","142,0","142,0"
157,Volkswagen Turismos T-Roc MY22 T-Roc Advance Style 1.5 TSI 110 kW (150 CV)  Automatico DSG 7 vel.,,"6,3","6,3","144,0","144,0"
158,Volkswagen Turismos T-Roc MY22 T-Roc Advance Style 2.0 TDI 110 kW (150 CV)  Automatico DSG 7 vel.,,"4,9","4,9","128,0","128,0"
159,Volkswagen Turismos T-Roc MY22 T-Roc Advance Style 2.0 TDI 110kW (150CV) Manual 6 velocidades*,,"4,8","4,8","126,0","126,0"
160,Volkswagen Turismos T-Roc MY22 T-Roc Advance Style 2.0 TDI 85 kW (115 CV)  6 vel.,,"4,7","4,7","123,0","123,0"
161,Volkswagen Turismos T-Roc MY22 T-Roc Edition 1.0 TSI 81 kW (110 CV)  6 vel.,,"6,0","6,0","135,0","135,0"
162,Volkswagen Turismos T-Roc MY22 T-Roc Edition 2.0 TDI 85 kW (115 CV)  6 vel.,,"4,7","4,7","122,0","122,0"
163,Volkswagen Turismos T-Roc MY22 T-Roc R 2.0 TSI 4Motion 221 kW (300 CV)  Automatico DSG 7 vel.,,"8,6","8,6","195,0","195,0"
164,Volkswagen Turismos T-Roc MY22 T-Roc Sport 1.5 TSI 110 kW (150 CV)  Automatico DSG 7 vel.,,"6,3","6,3","144,0","144,0"
165,Volkswagen Turismos T-Roc MY22 T-Roc SPORT 1.5 TSI EVO 110kW (150CV) Manual 6 velocidades,,"6,2","6,2","142,0","142,0"
166,Volkswagen Turismos T-Roc MY22 T-Roc Sport 2.0 TDI 110 kW (150 CV)  6 vel.,,"4,8","4,8","126,0","126,0"
167,Volkswagen Turismos T-Roc MY22 T-Roc Sport 2.0 TDI 110 kW (150 CV)  Automatico DSG 7 vel.,,"4,9","4,9","128,0","128,0"
168,Volkswagen Turismos T-Roc MY22 T-Roc Sport 2.0 TDI 4Motion 110 kW (150 CV)  Automatico DSG 7 vel.,,"5,5","5,5","145,0","145,0"
169,Volkswagen Turismos T-Roc MY22 T-Roc Sport 2.0 TSI 4Motion 140 kW (190 CV)  Automatico DSG 7 vel.,,"7,4","7,4","168,0","168,0"
170,Volkswagen Turismos Taigo MY22 Taigo Life 70kW (95CV) Manual 5 vel.,,"5,5","5,5","123,0","123,0"
171,Volkswagen Turismos Taigo MY22 Taigo Life 81kW (110CV) Aut. DSG 7 vel.,,"5,9","5,9","133,0","133,0"
172,Volkswagen Turismos Taigo MY22 Taigo Life 81kW (110CV) Manual 6 vel.,,"5,4","5,4","123,0","123,0"
173,Volkswagen Turismos Taigo MY22 Taigo R-Line 110kW (150CV) Aut. DSG 7 vel.,,"6,1","6,1","138,0","138,0"
174,Volkswagen Turismos Taigo MY22 Taigo R-Line 81kW (110CV) Aut. DSG 7 vel.,,"5,9","5,9","134,0","134,0"
175,Volkswagen Turismos Taigo MY22 Taigo R-Line 81kW (110CV) Manual 6 vel.,,"5,5","5,5","125,0","125,0"
176,Volkswagen Turismos Tiguan Allspace MY 21 Tiguan Allspace Advance 1.5 TSI EVO 110 kW (150 CV) 6 vel.,,"7,2","7,2","163,0","163,0"
177,Volkswagen Turismos Tiguan Allspace MY 21 Tiguan Allspace Advance 1.5 TSI EVO 110 kW (150 CV) Automático DSG 7 vel.,,"7,5","7,5","171,0","171,0"
178,Volkswagen Turismos Tiguan Allspace MY 21 Tiguan Allspace Advance 2.0 TDI 110 kW (150 CV) 6 vel.,,"5,6","5,6","146,0","146,0"
179,Volkswagen Turismos Tiguan Allspace MY 21 Tiguan Allspace Advance 2.0 TDI 110 kW (150 CV) Automático DSG 7 vel.,,"6,0","6,0","158,0","158,0"
180,Volkswagen Turismos Tiguan Allspace MY 21 Tiguan Allspace Advance 2.0 TDI 4Motion 110 kW (150 CV) Automático DSG 7 vel.,,"6,7","6,7","176,0","176,0"
181,Volkswagen Turismos Tiguan Allspace MY 21 Tiguan Allspace Sport 1.5 TSI EVO 110 kW (150 CV) Automático DSG 7 vel.,,"7,5","7,5","171,0","171,0"
182,Volkswagen Turismos Tiguan Allspace MY 21 Tiguan Allspace Sport 2.0 TDI 110 kW (150 CV) 6 vel.,,"5,6","5,6","146,0","146,0"
183,Volkswagen Turismos Tiguan Allspace MY 21 Tiguan Allspace Sport 2.0 TDI 4Motion 110 kW (150 CV) Automático DSG 7 vel.,,"6,6","6,6","174,0","174,0"
184,Volkswagen Turismos Tiguan Allspace MY 21 Tiguan Allspace Sport 2.0 TDI 4Motion 147 kW (200 CV) Automático DSG 7 vel.,,"6,6","6,6","177,0","177,0"
185,Volkswagen Turismos Tiguan Allspace MY22 Tiguan Allspace 1.5 TSI 110 kW (150 CV)  Manual 6 vel.,,"6,7","6,7","152,0","152,0"
186,Volkswagen Turismos Tiguan Allspace MY22 Tiguan Allspace 2.0 TDI 110 kW (150 CV)  Manual 6 vel.,,"5,3","5,3","138,0","138,0"
187,Volkswagen Turismos Tiguan Allspace MY22 Tiguan Allspace Life 1.5 TSI 110 kW (150 CV)  Automatico DSG 7 vel.,,"7,2","7,2","163,0","163,0"
188,Volkswagen Turismos Arteon MY22 Arteon 1.5 TSI 110 kW (150 CV)  6 vel.,,"6,0","6,0","142,0","142,0"
189,Volkswagen Turismos Arteon MY22 Arteon 2.0 TDI 110 kW (150 CV)  6 vel.,,"7,7","7,7","126,0","126,0"
190,Volkswagen Turismos Arteon MY22 Arteon eHybrid Elegance 1.4 TSI Combinado: 160 kW (218 CV)  Automatico DSG 6 vel.,,"1,3","1,3","29,0","29,0"
191,Volkswagen Turismos Arteon MY22 Arteon eHybrid R-Line 1.4 TSI Combinado: 160 kW (218 CV)  Automatico DSG 6 vel.,,"1,3","1,3","29,0","29,0"
192,Volkswagen Turismos Arteon MY22 Arteon Elegance 1.5 TSI 110 kW (150 CV)  6 vel.,,"7,8","7,8","150,0","150,0"
193,Volkswagen Turismos Arteon MY22 Arteon Elegance 2.0 TDI 110 kW (150 CV)  6 vel.,,"5,8","5,8","133,0","133,0"
194,Volkswagen Turismos Arteon MY22 Arteon Elegance 2.0 TDI 110 kW (150 CV)  Automatico DSG 7 vel.,,"5,1","5,1","133,0","133,0"
195,Volkswagen Turismos Arteon MY22 Arteon Elegance 2.0 TDI 147 kW (200 CV)  Automatico DSG 7 vel.,,"5,5","5,5","144,0","144,0"
196,Volkswagen Turismos Arteon MY22 Arteon Elegance 2.0 TSI 140 kW (190 CV)  Automatico DSG 7 vel.,,"7,8","7,8","165,0","165,0"
197,Volkswagen Turismos Arteon MY22 Arteon R 2.0 TSI 235 kW (320 CV)  Automatico DSG 7 vel.,,"9,1","9,1","207,0","207,0"
198,Volkswagen Turismos Arteon MY22 Arteon R-Line 1.5 TSI 110 kW (150 CV)  6 vel.,,"7,8","7,8","150,0","150,0"
199,Volkswagen Turismos Arteon MY22 Arteon R-Line 2.0 TDI 110 kW (150 CV)  6 vel.,,"5,4","5,4","133,0","133,0"
200,Volkswagen Turismos Arteon MY22 Arteon R-Line 2.0 TDI 110 kW (150 CV)  Automatico DSG 7 vel.,,"5,1","5,1","133,0","133,0"
201,Volkswagen Turismos Arteon MY22 Arteon R-Line 2.0 TDI 147 kW (200 CV)  Automatico DSG 7 vel.,,"5,5","5,5","144,0","144,0"
202,Volkswagen Turismos Arteon MY22 Arteon R-Line 2.0 TSI 140 kW (190 CV)  Automatico DSG 7 vel.,,"7,8","7,8","165,0","165,0"
203,Volkswagen Turismos Arteon Shooting Brake MY22 Arteon Shooting Brake 1.5 TSI 110 kW (150 CV)  6 vel.,,"6,0","6,0","144,0","144,0"
204,Volkswagen Turismos Arteon Shooting Brake MY22 Arteon Shooting Brake 2.0 TDI 110 kW (150 CV)  6 vel.,,"7,7","7,7","128,0","128,0"
205,Volkswagen Turismos Arteon Shooting Brake MY22 Arteon Shooting Brake eHybrid Elegance 1.4 TSI Combinado: 160 kW (218 CV) Automatico DSG 6 vel,,"1,3","1,3","31,0","31,0"
206,Volkswagen Turismos Arteon Shooting Brake MY22 Arteon Shooting Brake eHybrid R-Line 1.4 TSI Combinado: 160 kW (218 CV) Automatico DSG 6 vel.,,"1,3","1,3","31,0","31,0"
207,Volkswagen Turismos Arteon Shooting Brake MY22 Arteon Shooting Brake Elegance 1.5 TSI 110 kW (150 CV)  6 vel.,,"7,8","7,8","152,0","152,0"
208,Volkswagen Turismos Arteon Shooting Brake MY22 Arteon Shooting Brake Elegance 2.0 TDI 110 kW (150 CV)  6 vel.,,"5,8","5,8","135,0","135,0"
209,Volkswagen Turismos Arteon Shooting Brake MY22 Arteon Shooting Brake Elegance 2.0 TDI 110 kW (150 CV)  Automatico DSG 7 vel.,,"5,2","5,2","135,0","135,0"
210,Volkswagen Turismos Arteon Shooting Brake MY22 Arteon Shooting Brake Elegance 2.0 TDI 147 kW (200 CV)  Automatico DSG 7 vel.,,"5,6","5,6","147,0","147,0"
211,Volkswagen Turismos Arteon Shooting Brake MY22 Arteon Shooting Brake Elegance 2.0 TSI 140 kW (190 CV)  Automatico DSG 7 vel.,,"7,9","7,9","167,0","167,0"
212,Volkswagen Turismos Arteon Shooting Brake MY22 Arteon Shooting Brake R 2.0 TSI 235 kW (320 CV)  Automatico DSG 7 vel.,,"9,2","9,2","210,0","210,0"
213,Volkswagen Turismos Arteon Shooting Brake MY22 Arteon Shooting Brake R-Line 1.5 TSI 110 kW (150 CV)  6 vel.,,"7,8","7,8","152,0","152,0"
214,Volkswagen Turismos Arteon Shooting Brake MY22 Arteon Shooting Brake R-Line 2.0 TDI 110 kW (150 CV)  6 vel.,,"5,4","5,4","138,0","138,0"
215,Volkswagen Turismos Arteon Shooting Brake MY22 Arteon Shooting Brake R-Line 2.0 TDI 110 kW (150 CV)  Automatico DSG 7 vel.,,"5,2","5,2","135,0","135,0"
216,Volkswagen Turismos Arteon Shooting Brake MY22 Arteon Shooting Brake R-Line 2.0 TDI 147 kW (200 CV)  Automatico DSG 7 vel.,,"5,6","5,6","147,0","147,0"
217,Volkswagen Turismos Arteon Shooting Brake MY22 Arteon Shooting Brake R-Line 2.0 TSI 140 kW (190 CV)  Automatico DSG 7 vel.,,"7,9","7,9","167,0","167,0"
218,Volkswagen Turismos e-Up MY20 e-up! 61 KW (83 CV) Automático 1 vel.,,"0,0","0,0","0,0","0,0"
219,Volkswagen Turismos e-Up MY20 e-up! Style 61 KW (83 CV) Automático 1 vel.,,"0,0","0,0","0,0","0,0"
220,Volkswagen Turismos e-Up MY21 e-up! 61 KW (83 CV) Automático 1 vel.,,"0,0","0,0","0,0","0,0"
221,Volkswagen Turismos e-Up MY21 e-up! Style 61 KW (83 CV) Automático 1 vel.,,"0,0","0,0","0,0","0,0"
222,Volkswagen Turismos Golf 7 MY20 e-Golf ePower 100kW (136CV),,"0,0","0,0","0,0","0,0"
223,Volkswagen Turismos Golf 7 MY20 GTE 1.4 TSI e-Power Combinado: 150 kW (204 CV) Automático DSG 6 vel.,,"0,0","0,0","0,0","0,0"
224,Volkswagen Turismos Golf 8 MY21 Golf 2.0 TDI 85 kW (115 CV) 6 vel.,,"4,5","4,5","118,0","118,0"
225,Volkswagen Turismos Golf 8 MY21 Golf 2.0 TDI 85 kW (115 CV) Automático DSG 7 vel.,,"4,5","4,5","118,0","118,0"
226,Volkswagen Turismos Golf 8 MY21 Golf eHybrid 1.4 TSI Combinado: 150 kW (204 CV) Automático DSG 6 vel.,,"0,9","0,9","21,0","21,0"
227,Volkswagen Turismos Golf 8 MY21 Golf GTE 1.4 TSI Combinado: 180 kW (245 CV) Automático DSG 6 vel.,,"1,1","1,1","26,0","26,0"
228,Volkswagen Turismos Golf 8 MY21 Golf GTI 2.0 TSI 180 kW (245 CV) 6 vel.,,"7,4","7,4","169,0","169,0"
229,Volkswagen Turismos Golf 8 MY21 Golf GTI 2.0 TSI 180 kW (245 CV) Automatico DSG 7 vel.,,"7,4","7,4","168,0","168,0"
230,Volkswagen Turismos Golf 8 MY21 Golf GTI CLUBSPORT 2.0 TSI 221 kW (300 CV) Automatico DSG 7 vel.,,"7,4","7,4","167,0","167,0"
231,Volkswagen Turismos Golf 8 MY21 Golf Life 1.0 eTSI 81 kW (110 CV) Automatico DSG 7 vel.,,"5,2","5,2","118,0","118,0"
232,Volkswagen Turismos Golf 8 MY21 Golf Life 1.0 TSI 81 kW (110 CV) 6 vel.,,"5,3","5,3","121,0","121,0"
233,Volkswagen Turismos Golf 8 MY21 Golf Life 1.5 eTSI 110 kW (150 CV) Automatico DSG 7 vel.,,"5,7","5,7","127,0","127,0"
234,Volkswagen Turismos Golf 8 MY21 Golf Life 1.5 eTSI 96 kW (130 CV) Automatico DSG 7 vel.,,"5,5","5,5","125,0","125,0"
235,Volkswagen Turismos Golf 8 MY21 Golf Life 1.5 TSI 110 kW (150 CV) 6 vel.,,"5,6","5,6","127,0","127,0"
236,Volkswagen Turismos Golf 8 MY21 Golf Life 1.5 TSI 96 kW (130 CV) 6 vel.,,"5,4","5,4","123,0","123,0"
237,Volkswagen Turismos Golf 8 MY21 Golf Life 2.0 TDI 85 kW (115 CV) 6 vel.,,"4,5","4,5","119,0","119,0"
238,Volkswagen Turismos Golf 8 MY21 Golf Life 2.0 TDI 85 kW (115 CV) Automático DSG 7 Vel.,,"4,5","4,5","118,0","118,0"
239,Volkswagen Turismos Golf 8 MY21 Golf R 2.0 TSI 235 kW (320 CV) Automatico DSG 7 vel.,,"7,8","7,8","177,0","177,0"
240,Volkswagen Turismos Golf 8 MY21 Golf R-Line 1.5 eTSI 110 kW (150 CV) Automatico DSG 7 vel.,,"5,7","5,7","130,0","130,0"
241,Volkswagen Turismos Golf 8 MY21 Golf R-Line 1.5 eTSI 96 kW (130 CV) Automatico DSG 7 vel.,,"5,6","5,6","127,0","127,0"
242,Volkswagen Turismos Golf 8 MY21 Golf R-Line 1.5 TSI 110 kW (150 CV) 6 vel.,,"5,8","5,8","130,0","130,0"
243,Volkswagen Turismos Golf 8 MY21 Golf R-Line 1.5 TSI 96 kW (130 CV) 6 vel.,,"5,5","5,5","125,0","125,0"
244,Volkswagen Turismos Golf 8 MY21 Golf R-Line 2.0 TDI 110 kW (150 CV) Automatico DSG 7 vel.,,"4,7","4,7","122,0","122,0"
245,Volkswagen Turismos Golf 8 MY21 Golf Style 1.5 eTSI 110 kW (150 CV) Automatico DSG 7 vel.,,"5,7","5,7","130,0","130,0"
246,Volkswagen Turismos Golf 8 MY21 Golf Style 1.5 TSI 110 kW (150 CV) 6 vel.,,"5,7","5,7","130,0","130,0"
247,Volkswagen Turismos Golf 8 MY21 Golf Style 1.5 TSI 96 kW (130 CV) 6 vel.,,"5,5","5,5","125,0","125,0"
248,Volkswagen Turismos Golf 8 MY21 Golf Style 2.0 TDI 110 kW (150 CV) Automatico DSG 7 vel.,,"4,6","4,6","122,0","122,0"
249,Volkswagen Turismos Golf 8 MY21Golf 1.0 TSI 81 kW (110 CV) 6 vel,,"5,3","5,3","120,0","120,0"
250,Volkswagen Turismos Golf 8 MY22 Golf 1.0 eTSI 81 kW (110 CV)  Automatico DSG 7 vel.,,"5,1","5,1","117,0","117,0"
251,Volkswagen Turismos Golf 8 MY22 Golf 1.0 TSI 81 kW (110 CV)  6 vel.,,"5,4","5,4","122,0","122,0"
252,Volkswagen Turismos Golf 8 MY22 Golf 2.0 TDI 85 kW (115 CV)  6 vel.,,"4,5","4,5","117,0","117,0"
253,Volkswagen Turismos Golf 8 MY22 Golf 2.0 TDI 85 kW (115 CV)  Automatico DSG 7 vel.,,"4,5","4,5","117,0","117,0"
254,Volkswagen Turismos Golf 8 MY22 Golf eHybrid 1.4 TSI Combinado: 150 kW (204 CV)  Automatico DSG 6 vel.,,"0,9","0,9","21,0","21,0"
255,Volkswagen Turismos Golf 8 MY22 Golf First ed. Sport 1.5 TSI 110 kW (150 CV)  Automatico DSG 7 vel.,,"5,7","5,7","130,0","130,0"
256,Volkswagen Turismos Golf 8 MY22 Golf GTE 1.4 TSI Combinado: 180 kW (245 CV)  Automatico DSG 6 vel.,,"1,1","1,1","25,0","25,0"
257,Volkswagen Turismos Golf 8 MY22 Golf GTI 2.0 TSI 180 kW (245 CV)  6 vel.,,"7,4","7,4","168,0","168,0"
258,Volkswagen Turismos Golf 8 MY22 Golf GTI 2.0 TSI 180 kW (245 CV)  Automatico DSG 7 vel.,,"7,3","7,3","166,0","166,0"
259,Volkswagen Turismos Golf 8 MY22 Golf GTI Clubsport 2.0 TSI 221 kW (300 CV)  Automatico DSG 7 vel.,,"7,3","7,3","166,0","166,0"
260,Volkswagen Turismos Golf 8 MY22 Golf Life 1.0 eTSI 81 kW (110 CV)  Automatico DSG 7 vel.,,"5,2","5,2","117,0","117,0"
261,Volkswagen Turismos Golf 8 MY22 Golf Life 1.0 TSI 81 kW (110 CV)  6 vel.,,"5,4","5,4","123,0","123,0"
262,Volkswagen Turismos Golf 8 MY22 Golf Life 1.5 eTSI 110 kW (150 CV)  Automatico DSG 7 vel.,,"5,5","5,5","126,0","126,0"
263,Volkswagen Turismos Golf 8 MY22 Golf Life 1.5 eTSI 96 kW (130 CV)  Automatico DSG 7 vel.,,"5,5","5,5","124,0","124,0"
264,Volkswagen Turismos Golf 8 MY22 Golf Life 1.5 TSI 110 kW (150 CV)  6 vel.,,"5,6","5,6","126,0","126,0"
265,Volkswagen Turismos Golf 8 MY22 Golf Life 1.5 TSI 96 kW (130 CV)  6 vel.,,"5,4","5,4","122,0","122,0"
266,Volkswagen Turismos Golf 8 MY22 Golf Life 2.0 TDI 110 kW (150 CV)  6 vel.,,"4,4","4,4","116,0","116,0"
267,Volkswagen Turismos Golf 8 MY22 Golf Life 2.0 TDI 110 kW (150 CV)  Automatico DSG 7 vel.,,"4,5","4,5","118,0","118,0"
268,Volkswagen Turismos Golf 8 MY22 Golf Life 2.0 TDI 85 kW (115 CV)  6 vel.,,"4,5","4,5","117,0","117,0"
269,Volkswagen Turismos Golf 8 MY22 Golf Life 2.0 TDI 85 kW (115 CV)  Automatico DSG 7 vel.,,"4,5","4,5","117,0","117,0"
270,Volkswagen Turismos Golf 8 MY22 Golf R 2.0 TSI 235 kW (320 CV)  Automatico DSG 7 vel.,,"7,8","7,8","176,0","176,0"
271,Volkswagen Turismos Golf 8 MY22 Golf R-Line 1.5 eTSI 96 kW (130 CV)  Automatico DSG 7 vel.,,"5,5","5,5","126,0","126,0"
272,Volkswagen Turismos Golf 8 MY22 Golf R-Line 1.5 TSI 110 kW (150 CV)  6 vel.,,"5,7","5,7","129,0","129,0"
273,Volkswagen Turismos Golf 8 MY22 Golf R-Line 1.5 TSI 110 kW (150 CV)  Automatico DSG 7 vel.,,"5,7","5,7","129,0","129,0"
274,Volkswagen Turismos Golf 8 MY22 Golf R-Line 1.5 TSI 96 kW (130 CV)  6 vel.,,"5,5","5,5","124,0","124,0"
275,Volkswagen Turismos Golf 8 MY22 Golf R-Line 2.0 TDI 110 kW (150 CV)  Automatico DSG 7 vel.,,"4,6","4,6","121,0","121,0"
276,Volkswagen Turismos Golf 8 MY22 Golf Style 1.5 TSI 110 kW (150 CV)  6 vel.,,"5,7","5,7","130,0","130,0"
277,Volkswagen Turismos Golf 8 MY22 Golf Style 1.5 TSI 96 kW (130 CV)  6 vel.,,"5,5","5,5","125,0","125,0"
278,Volkswagen Turismos Golf 8 MY22 Golf Style 2.0 TDI 110 kW (150 CV)  Automatico DSG 7 vel.,,"4,6","4,6","122,0","122,0"
279,Volkswagen Turismos Golf 8 Variant MY21 Golf Life Variant 2.0 TDI 85 kW (115 CV) 6 vel.,,"4,6","4,6","120,0","120,0"
280,Volkswagen Turismos Golf 8 Variant MY21 Golf Life Variant 2.0 TDI 85 kW (115 CV) Automático DSG 7 vel,,"4,6","4,6","120,0","120,0"
281,Volkswagen Turismos Golf 8 Variant MY21 Golf Variant 1.0 Life TSI 81 kW (110 CV) 6 vel.,,"5,5","5,5","125,0","125,0"
282,Volkswagen Turismos Golf 8 Variant MY21 Golf Variant 1.0 TSI 81 kW (110 CV) 6 vel.,,"5,5","5,5","125,0","125,0"
283,Volkswagen Turismos Golf 8 Variant MY21 Golf Variant 1.5 Life TSI 96 kW (130 CV) 6 vel.,,"5,5","5,5","124,0","124,0"
284,Volkswagen Turismos Golf 8 Variant MY21 Golf Variant 2.0 TDI 85 kW (115 CV) 6 vel.,,"4,6","4,6","120,0","120,0"
285,Volkswagen Turismos Golf 8 Variant MY21 Golf Variant 2.0 TDI 85 kW (115 CV) Automático DSG 7 vel,,"4,6","4,6","120,0","120,0"
286,Volkswagen Turismos Golf 8 Variant MY21 Golf Variant Life 1.5 eTSI 110 kW (150 CV) Automático DSG 7 vel.,,"5,7","5,7","129,0","129,0"
287,Volkswagen Turismos Golf 8 Variant MY21 Golf Variant Life 1.5 eTSI 81 kW (110 CV) Automático DSG 7 vel.,,"5,3","5,3","120,0","120,0"
288,Volkswagen Turismos Nuevo Tiguan MY21 Nuevo Tiguan PA Life 1.5 TDI 110 kW (150 CV) DSG 7 Vel.,,"5,6","5,6","147,0","147,0"
289,Volkswagen Turismos Nuevo Tiguan MY21 Nuevo Tiguan PA Life 1.5 TSI 110 kW (150 CV) 6 vel.,,"6,6","6,6","151,0","151,0"
290,Volkswagen Turismos Nuevo Tiguan MY21 Nuevo Tiguan PA Life 1.5 TSI 110 kW (150 CV) DGS 7 vel.,,"7,0","7,0","160,0","160,0"
291,Volkswagen Turismos Nuevo Tiguan MY21 Nuevo Tiguan PA Life 1.5 TSI 96 kW (130 CV),,"6,4","6,4","151,0","151,0"
292,Volkswagen Turismos Nuevo Tiguan MY21 Nuevo Tiguan PA Life 2.0 TDI 90 kW (122 CV) 6 vel.,,"5,2","5,2","135,0","135,0"
293,Volkswagen Turismos Nuevo Tiguan MY21 Nuevo Tiguan PA R 2.0 TSI 235 kW (320 CV) DSG 7 Vel.,,"10,0","10,0","226,0","226,0"
294,Volkswagen Turismos Nuevo Tiguan MY21 Nuevo Tiguan PA R-Line 1.5 TDI 110 kW (150 CV) 6 vel.,,"5,4","5,4","142,0","142,0"
295,Volkswagen Turismos Nuevo Tiguan MY21 Nuevo Tiguan PA R-Line 1.5 TDI 110 kW (150 CV) DSG 7 Vel.,,"5,8","5,8","152,0","152,0"
296,Volkswagen Turismos Nuevo Tiguan MY21 Nuevo Tiguan PA R-Line 1.5 TSI 110 kW (150 CV) DSG 7 Vel.,,"7,3","7,3","166,0","166,0"
297,Volkswagen Turismos Nuevo Tiguan MY21 Nuevo Tiguan PA R-Line 2.0 TSI 140 kW (190 CV) DSG 7 Vel.,,"8,4","8,4","190,0","190,0"
298,Volkswagen Turismos Nuevo Tiguan MY21 Nuevo Tiguan PA R-Line 4 Motion 1.5 TDI 110 kW (150 CV) DSG 7 Vel.,,"6,6","6,6","172,0","172,0"
299,Volkswagen Turismos Nuevo Tiguan MY21 Nuevo Tiguan PA R-Line 4 Motion 2.0 TDI 147 kW (200 CV),,"6,6","6,6","172,0","172,0"
300,Volkswagen Turismos PASSAT  MY 21 Passat 1.5 TSI 110 kW (150 CV) 6 vel.,,"6,1","6,1","138,0","138,0"
301,Volkswagen Turismos PASSAT  MY 21 Passat 2.0 TDI 110 kW (150 CV) 6 vel.,,"4,7","4,7","123,0","123,0"
302,Volkswagen Turismos PASSAT  MY 21 Passat 2.0 TDI 90 kW (122 CV) Automático DSG 7 vel.,,"4,7","4,7","123,0","123,0"
303,Volkswagen Turismos PASSAT  MY 21 Passat Business 1.5 TSI 110 kW (150 CV) 6 vel.,,"6,1","6,1","138,0","138,0"
304,Volkswagen Turismos PASSAT  MY 21 Passat Business 2.0 TDI 110 kW (150 CV) 6 vel.,,"4,7","4,7","123,0","123,0"
305,Volkswagen Turismos PASSAT  MY 21 Passat Business 2.0 TDI 90 kW (122 CV) Automático DSG 7 vel.,,"4,7","4,7","123,0","123,0"
306,Volkswagen Turismos PASSAT  MY 21 Passat Executive 1.5 TSI 110 kW (150 CV) 6 vel.,,"6,1","6,1","135,0","135,0"
307,Volkswagen Turismos PASSAT  MY 21 Passat Executive 1.5 TSI 110 kW (150 CV) Automático DSG 7 vel.,,"6,3","6,3","142,0","142,0"
308,Volkswagen Turismos PASSAT  MY 21 Passat Executive 2.0 TDI 110 kW (150 CV) 6 vel.,,"4,7","4,7","124,0","124,0"
309,Volkswagen Turismos PASSAT  MY 21 Passat Executive 2.0 TDI 110 kW (150 CV) Automático DSG 7 vel.,,"4,7","4,7","124,0","124,0"
310,Volkswagen Turismos PASSAT  MY 21 Passat Executive 2.0 TDI 90 kW (122 CV) Automático DSG 7 vel.,,"4,8","4,8","125,0","125,0"
311,Volkswagen Turismos PASSAT  MY 21 Passat R-Line 1.5 TSI 110 kW (150 CV) 6 vel.,,"6,3","6,3","143,0","143,0"
312,Volkswagen Turismos PASSAT  MY 21 Passat R-Line 1.5 TSI 110 kW (150 CV) Automático DSG 7 vel.,,"6,4","6,4","146,0","146,0"
313,Volkswagen Turismos PASSAT  MY 21 Passat R-Line 2.0 TDI 110 kW (150 CV) 6 vel.,,"4,9","4,9","128,0","128,0"
314,Volkswagen Turismos PASSAT  MY 21 Passat R-Line 2.0 TDI 110 kW (150 CV) Automático DSG 7 vel.,,"4,9","4,9","127,0","127,0"
315,Volkswagen Turismos PASSAT  MY 21 Passat R-Line 2.0 TDI 147 kW (200 CV) Automático DSG 7 vel.,,"5,3","5,3","138,0","138,0"
316,Volkswagen Turismos PASSAT  MY 21 Passat R-Line 2.0 TFSI 140 kW (190 CV) Automático DSG 7 vel.,,"6,9","6,9","157,0","157,0"
317,Volkswagen Turismos PASSAT  MY21 Passat GTE 1.4 TSI Combinado: 160 kW (218 CV) Automático DSG 6 vel.,,"1,3","1,3","30,0","30,0"
318,Volkswagen Turismos PASSAT  MY22 Passat 1.5 TSI 110 kW (150 CV)  6 vel.,,"6,0","6,0","137,0","137,0"
319,Volkswagen Turismos PASSAT  MY22 Passat 2.0 TDI 110 kW (150 CV)  6 vel.,,"4,7","4,7","122,0","122,0"
320,Volkswagen Turismos PASSAT  MY22 Passat 2.0 TDI 90 kW (122 CV)  Automatico DSG 7 vel.,,"4,7","4,7","123,0","123,0"
321,Volkswagen Turismos PASSAT  MY22 Passat Business 1.5 TSI 110 kW (150 CV)  6 vel.,,"6,0","6,0","137,0","137,0"
322,Volkswagen Turismos PASSAT  MY22 Passat Business 2.0 TDI 110 kW (150 CV)  6 vel.,,"4,7","4,7","122,0","122,0"
323,Volkswagen Turismos PASSAT  MY22 Passat Business 2.0 TDI 90 kW (122 CV)  Automatico DSG 7 vel.,,"4,7","4,7","123,0","123,0"
324,Volkswagen Turismos PASSAT  MY22 Passat Executive 1.5 TSI 110 kW (150 CV)  6 vel.,,"6,1","6,1","138,0","138,0"
325,Volkswagen Turismos PASSAT  MY22 Passat Executive 1.5 TSI 110 kW (150 CV)  Automatico DSG 7 vel.,,"6,2","6,2","141,0","141,0"
326,Volkswagen Turismos PASSAT  MY22 Passat Executive 2.0 TDI 110 kW (150 CV)  6 vel.,,"4,7","4,7","124,0","124,0"
327,Volkswagen Turismos PASSAT  MY22 Passat Executive 2.0 TDI 110 kW (150 CV)  Automatico DSG 7 vel.,,"4,7","4,7","123,0","123,0"
328,Volkswagen Turismos PASSAT  MY22 Passat Executive 2.0 TDI 90 kW (122 CV)  Automatico DSG 7 vel.,,"4,7","4,7","124,0","124,0"
329,Volkswagen Turismos PASSAT  MY22 Passat GTE 1.4 TSI Combinado: 160 kW (218 CV)  Automatico DSG 6 vel.,,"1,1","1,1","26,0","26,0"
330,Volkswagen Turismos PASSAT  MY22 Passat R-Line 1.5 TSI 110 kW (150 CV)  6 vel.,,"6,2","6,2","142,0","142,0"
331,Volkswagen Turismos PASSAT  MY22 Passat R-Line 1.5 TSI 110 kW (150 CV)  Automatico DSG 7 vel.,,"6,4","6,4","145,0","145,0"
332,Volkswagen Turismos PASSAT  MY22 Passat R-Line 2.0 TDI 110 kW (150 CV)  6 vel.,,"4,8","4,8","127,0","127,0"
333,Volkswagen Turismos PASSAT  MY22 Passat R-Line 2.0 TDI 110 kW (150 CV)  Automatico DSG 7 vel.,,"4,8","4,8","126,0","126,0"
334,Volkswagen Turismos PASSAT  MY22 Passat R-Line 2.0 TDI 147 kW (200 CV)  Automatico DSG 7 vel.,,"5,2","5,2","137,0","137,0"
335,Volkswagen Turismos PASSAT  MY22 Passat R-Line 2.0 TSI 140 kW (190 CV)  Automatico DSG 7 vel.,,"6,9","6,9","156,0","156,0"
336,Volkswagen Turismos Passat Alltrack MY 21 PASSAT ALLTRACK 2.0 TDI EVO 147kW (200CV) DSG 7 vel. 4Motion,,"5,9","5,9","153,0","153,0"
337,Volkswagen Turismos Passat Alltrack MY 21 Passat Alltrack 2.0 TFSI 206 kW (280 CV) Automático DSG 7 vel. 4motion,,"8,8","8,8","199,0","199,0"
338,Volkswagen Turismos Passat Alltrack MY22 Passat Alltrack 2.0 TDI 4Motion 147 kW (200 CV)  Automatico DSG 7 vel.,,"5,8","5,8","152,0","152,0"
339,Volkswagen Turismos Passat Alltrack MY22 Passat Alltrack 2.0 TSI 4Motion 206 kW (280 CV)  Automatico DSG 7 vel.,,"8,7","8,7","198,0","198,0"
340,Volkswagen Turismos PASSAT VARIANT MY 21 Passat Variant 1.5 TSI 110 kW (150 CV) 6 vel.,,"6,3","6,3","142,0","142,0"
341,Volkswagen Turismos PASSAT VARIANT MY 21 Passat Variant 2.0 TDI 110 kW (150 CV) 6 vel.,,"4,9","4,9","128,0","128,0"
342,Volkswagen Turismos PASSAT VARIANT MY 21 Passat Variant 2.0 TDI 90 kW (122 CV) Automático DSG 7 vel.,,"4,9","4,9","128,0","128,0"
343,Volkswagen Turismos PASSAT VARIANT MY 21 Passat Variant Business  2.0 TDI EVO 110kW (150CV) 6 vel.*,,"4,9","4,9","128,0","128,0"
344,Volkswagen Turismos PASSAT VARIANT MY 21 Passat Variant Business 1.5 TSI 110kW (150CV) 6 vel.,,"6,3","6,3","144,0","144,0"
345,Volkswagen Turismos PASSAT VARIANT MY 21 Passat Variant Business 2.0 TDI 90 kW (122 CV) Automático DSG 7 vel.,,"4,9","4,9","128,0","128,0"
346,Volkswagen Turismos PASSAT VARIANT MY 21 Passat Variant Executive 1.5 TSI 110 kW (150 CV) 6 vel.,,"6,4","6,4","141,0","141,0"
347,Volkswagen Turismos PASSAT VARIANT MY 21 Passat Variant Executive 1.5 TSI 110 kW (150 CV) Automático DSG 7 vel.,,"6,5","6,5","147,0","147,0"
348,Volkswagen Turismos PASSAT VARIANT MY 21 Passat Variant Executive 2.0 TDI 110 kW (150 CV) 6 vel.,,"4,9","4,9","128,0","128,0"
349,Volkswagen Turismos PASSAT VARIANT MY 21 Passat Variant Executive 2.0 TDI 110 kW (150 CV) Automático DSG 7 vel.,,"4,9","4,9","128,0","128,0"
350,Volkswagen Turismos PASSAT VARIANT MY 21 Passat Variant Executive 2.0 TDI 90 kW (122 CV) Automático DSG 7 vel.,,"4,9","4,9","129,0","129,0"
351,Volkswagen Turismos PASSAT VARIANT MY 21 Passat Variant R-Line 1.5 TSI 110 kW (150 CV) 6 vel.,,"6,5","6,5","148,0","148,0"
352,Volkswagen Turismos PASSAT VARIANT MY 21 Passat Variant R-Line 1.5 TSI 110 kW (150 CV) Automático DSG 7 vel.,,"6,7","6,7","151,0","151,0"
353,Volkswagen Turismos PASSAT VARIANT MY 21 Passat Variant R-Line 2.0 TDI 110 kW (150 CV) 6 vel.,,"5,0","5,0","132,0","132,0"
354,Volkswagen Turismos PASSAT VARIANT MY 21 Passat Variant R-Line 2.0 TDI 110 kW (150 CV) Automático DSG 7 vel.,,"5,0","5,0","132,0","132,0"
355,Volkswagen Turismos PASSAT VARIANT MY 21 Passat Variant R-Line 2.0 TDI 147 kW (200 CV) Automático DSG 7 vel.,,"5,4","5,4","143,0","143,0"
356,Volkswagen Turismos PASSAT VARIANT MY 21 Passat Variant R-Line 2.0 TFSI 140 kW (190 CV) Automático DSG 7 vel.,,"7,2","7,2","163,0","163,0"
357,Volkswagen Turismos PASSAT VARIANT MY 21Passat Variant GTE 1.4 TSI Combinado: 160 kW (218 CV) Automático DSG 6 vel.,,"1,2","1,2","28,0","28,0"
358,Volkswagen Turismos PASSAT VARIANT MY20 Passat Variant GTE 1.4 TSI e-Power 115kW (155 CV) / 85kW (115 CV) Automatico DSG 6 vel.,,"1,5","1,5","35,0","35,0"
359,Volkswagen Turismos PASSAT VARIANT MY22 Passat Business Variant 2.0 TDI 110 kW (150 CV)  6 vel.,,"4,8","4,8","127,0","127,0"
360,Volkswagen Turismos PASSAT VARIANT MY22 Passat Business Variant 2.0 TDI 90 kW (122 CV)  Automatico DSG 7 vel.,,"4,9","4,9","127,0","127,0"
361,Volkswagen Turismos PASSAT VARIANT MY22 Passat Variant 1.5 TSI 110 kW (150 CV)  6 vel.,,"6,2","6,2","141,0","141,0"
362,Volkswagen Turismos PASSAT VARIANT MY22 Passat Variant 2.0 TDI 110 kW (150 CV)  6 vel.,,"4,8","4,8","127,0","127,0"
363,Volkswagen Turismos PASSAT VARIANT MY22 Passat Variant 2.0 TDI 90 kW (122 CV)  Automatico DSG 7 vel.,,"4,9","4,9","127,0","127,0"
364,Volkswagen Turismos PASSAT VARIANT MY22 Passat Variant Business 1.5 TSI 110 kW (150 CV)  6 vel.,,"6,2","6,2","141,0","141,0"
365,Volkswagen Turismos PASSAT VARIANT MY22 Passat Variant Executive 1.5 TSI 110 kW (150 CV)  6 vel.,,"6,3","6,3","143,0","143,0"
366,Volkswagen Turismos PASSAT VARIANT MY22 Passat Variant Executive 1.5 TSI 110 kW (150 CV)  Automatico DSG 7 vel.,,"6,3","6,3","146,0","146,0"
367,Volkswagen Turismos PASSAT VARIANT MY22 Passat Variant Executive 2.0 TDI 110 kW (150 CV)  6 vel.,,"4,9","4,9","127,0","127,0"
368,Volkswagen Turismos PASSAT VARIANT MY22 Passat Variant Executive 2.0 TDI 110 kW (150 CV)  Automatico DSG 7 vel.,,"4,9","4,9","127,0","127,0"
369,Volkswagen Turismos PASSAT VARIANT MY22 Passat Variant Executive 2.0 TDI 90 kW (122 CV)  Automatico DSG 7 vel.,,"4,9","4,9","128,0","128,0"
370,Volkswagen Turismos PASSAT VARIANT MY22 Passat Variant GTE 1.4 TSI Combinado: 160 kW (218 CV)  Automatico DSG 6 vel.,,"1,2","1,2","27,0","27,0"
371,Volkswagen Turismos PASSAT VARIANT MY22 Passat Variant R-Line 1.5 TSI 110 kW (150 CV)  6 vel.,,"6,5","6,5","146,0","146,0"
372,Volkswagen Turismos PASSAT VARIANT MY22 Passat Variant R-Line 1.5 TSI 110 kW (150 CV)  Automatico DSG 7 vel.,,"6,6","6,6","150,0","150,0"
373,Volkswagen Turismos PASSAT VARIANT MY22 Passat Variant R-Line 2.0 TDI 110 kW (150 CV)  6 vel.,,"5,0","5,0","131,0","131,0"
374,Volkswagen Turismos PASSAT VARIANT MY22 Passat Variant R-Line 2.0 TDI 110 kW (150 CV)  Automatico DSG 7 vel.,,"5,0","5,0","130,0","130,0"
375,Volkswagen Turismos PASSAT VARIANT MY22 Passat Variant R-Line 2.0 TDI 147 kW (200 CV)  Automatico DSG 7 vel.,,"5,4","5,4","141,0","141,0"
376,Volkswagen Turismos PASSAT VARIANT MY22 Passat Variant R-Line 2.0 TSI 140 kW (190 CV)  Automatico DSG 7 vel.,,"7,1","7,1","162,0","162,0"
377,Volkswagen Turismos POLO MY21 Advance 1.0 59kW (80CV) Manual 5 vel.,,"5,5","5,5","124,0","124,0"
378,Volkswagen Turismos POLO MY21 Advance 1.0 TSI 70kW (95CV) DSG 7 vel.,,"5,6","5,6","128,0","128,0"
379,Volkswagen Turismos POLO MY21 Advance 1.0 TSI 70kW (95CV) Manual 5 vel.,,"5,3","5,3","120,0","120,0"
380,Volkswagen Turismos POLO MY21 Edition 1.0 59kW (80CV) Manual 5 vel.,,"5,6","5,6","127,0","127,0"
381,Volkswagen Turismos POLO MY21 R-Line 1.0 TSI 70kW (95CV) DSG 7 vel.,,"5,6","5,6","135,0","135,0"
382,Volkswagen Turismos POLO MY21 R-Line 1.0 TSI 70kW (95CV) Manual 5 vel.,,"5,9","5,9","127,0","127,0"
383,Volkswagen Turismos POLO MY21 R-Line 1.0 TSI 81kW (110CV) DSG 7 vel.,,"6,0","6,0","136,0","136,0"
384,Volkswagen Turismos POLO MY21 R-Line 1.0 TSI 85kW (110CV) Manual 6 vel.,,"5,6","5,6","127,0","127,0"
385,Volkswagen Turismos POLO MY21 United 1.0 TSI 70kW (95CV) DSG 7 vel.,,"5,6","5,6","128,0","128,0"
386,Volkswagen Turismos POLO MY21 United 1.0 TSI 70kW (95CV) Manual 5 vel.,,"5,3","5,3","120,0","120,0"
387,Volkswagen Turismos POLO MY21 United 1.0 TSI 81kW (110CV) DSG 7 vel.,,"5,7","5,7","129,0","129,0"
388,Volkswagen Turismos Golf 8 Variant MY21 Golf Variant Life 1.5 eTSI 96 kW (130 CV) Automático DSG 7 vel.,,"5,6","5,6","126,0","126,0"
389,Volkswagen Turismos Golf 8 Variant MY21 Golf Variant Life 1.5 TSI 110 kW (150 CV) 6 vel.,,"5,9","5,9","133,0","133,0"
390,Volkswagen Turismos Golf 8 Variant MY21 Golf Variant R-Line 1.5 eTSI 110 kW (150 CV) Automático DSG 7 vel.,,"5,9","5,9","133,0","133,0"
391,Volkswagen Turismos Golf 8 Variant MY21 Golf Variant R-Line 1.5 eTSI 96 kW (130 CV) Automático DSG 7 vel.,,"5,7","5,7","129,0","129,0"
392,Volkswagen Turismos Golf 8 Variant MY21 Golf Variant R-Line 1.5 TSI 110 kW (150 CV) 6 vel.,,"5,9","5,9","133,0","133,0"
393,Volkswagen Turismos Golf 8 Variant MY21 Golf Variant R-Line 1.5 TSI 96 kW (130 CV) 6 vel.,,"5,6","5,6","128,0","128,0"
394,Volkswagen Turismos Golf 8 Variant MY21 Golf Variant R-Line 2.0 TDI 110 kW (150 CV) Automático DSG 7 vel.,,"4,7","4,7","124,0","124,0"
395,Volkswagen Turismos GOLF VARIANT MY22 Golf Variant 1.0 TSI 81 kW (110 CV)  6 vel.,,"5,5","5,5","124,0","124,0"
396,Volkswagen Turismos GOLF VARIANT MY22 Golf Variant 2.0 TDI 85 kW (115 CV)  6 vel.,,"4,5","4,5","119,0","119,0"
397,Volkswagen Turismos GOLF VARIANT MY22 Golf Variant 2.0 TDI 85 kW (115 CV)  Automatico DSG 7 vel.,,"4,5","4,5","119,0","119,0"
398,Volkswagen Turismos GOLF VARIANT MY22 Golf Variant Life 1.0 eTSI 81 kW (110 CV)  Automatico DSG 7 vel.,,"5,2","5,2","119,0","119,0"
399,Volkswagen Turismos GOLF VARIANT MY22 Golf Variant Life 1.0 TSI 81 kW (110 CV)  6 vel.,,"5,5","5,5","124,0","124,0"
400,Volkswagen Turismos GOLF VARIANT MY22 Golf Variant Life 1.5 eTSI 110 kW (150 CV)  Automatico DSG 7 vel.,,"5,7","5,7","128,0","128,0"
401,Volkswagen Turismos GOLF VARIANT MY22 Golf Variant Life 1.5 eTSI 96 kW (130 CV)  Automatico DSG 7 vel.,,"5,5","5,5","125,0","125,0"
402,Volkswagen Turismos GOLF VARIANT MY22 Golf Variant Life 1.5 TSI 110 kW (150 CV)  6 vel.,,"5,7","5,7","128,0","128,0"
403,Volkswagen Turismos GOLF VARIANT MY22 Golf Variant Life 1.5 TSI 96 kW (130 CV)  6 vel.,,"5,5","5,5","123,0","123,0"
404,Volkswagen Turismos GOLF VARIANT MY22 Golf Variant Life 2.0 TDI 85 kW (115 CV)  6 vel.,,"4,5","4,5","119,0","119,0"
405,Volkswagen Turismos GOLF VARIANT MY22 Golf Variant Life 2.0 TDI 85 kW (115 CV)  Automatico DSG 7 vel.,,"4,5","4,5","119,0","119,0"
406,Volkswagen Turismos GOLF VARIANT MY22 Golf Variant R-Line 1.5 eTSI 110 kW (150 CV)  Automatico DSG 7 vel.,,"5,8","5,8","132,0","132,0"
407,Volkswagen Turismos GOLF VARIANT MY22 Golf Variant R-Line 1.5 eTSI 96 kW (130 CV)  Automatico DSG 7 vel.,,"5,6","5,6","128,0","128,0"
408,Volkswagen Turismos GOLF VARIANT MY22 Golf Variant R-Line 1.5 TSI 110 kW (150 CV)  6 vel.,,"5,8","5,8","132,0","132,0"
409,Volkswagen Turismos GOLF VARIANT MY22 Golf Variant R-Line 1.5 TSI 96 kW (130 CV)  6 vel.,,"5,6","5,6","127,0","127,0"
410,Volkswagen Turismos GOLF VARIANT MY22 Golf Variant R-Line 2.0 TDI 110 kW (150 CV)  Automatico DSG 7 vel.,,"4,7","4,7","123,0","123,0"
411,Volkswagen Turismos ID.3 MY20 ID.3 1st Max 150 kW (204 CV),,"0,0","0,0","0,0","0,0"
412,Volkswagen Turismos ID.3 MY20 ID.3 1st plus 150 kW (204 CV),,"0,0","0,0","0,0","0,0"
413,Volkswagen Turismos ID.3 MY21  ID.3 Pro S 150 kW (204 CV) Aut 1 Vel,,"0,0","0,0","0,0","0,0"
414,Volkswagen Turismos ID.3 MY21  ID.3 Tour 150 kW (204 CV) Aut 1 Vel,,"0,0","0,0","0,0","0,0"
415,Volkswagen Turismos ID.3 MY21 ID.3 Business 150 kW (204 CV) Aut 1 Vel,,"0,0","0,0","0,0","0,0"
416,Volkswagen Turismos ID.3 MY21 ID.3 Life 150 kW (204 CV) Aut 1 Vel,,"0,0","0,0","0,0","0,0"
417,Volkswagen Turismos ID.3 MY21 ID.3 Max 150 kW (204 CV) Aut 1 Vel,,"0,0","0,0","0,0","0,0"
418,Volkswagen Turismos ID.3 MY21 ID.3 Pro 107 kW (145 CV) Aut 1 Vel,,"0,0","0,0","0,0","0,0"
419,Volkswagen Turismos ID.3 MY21 ID.3 Pro Business 107 kW (145 CV) Aut 1 Vel,,"0,0","0,0","0,0","0,0"
420,Volkswagen Turismos ID.3 MY21 ID.3 Pro Life 107 kW (145 CV) Aut 1 Vel,,"0,0","0,0","0,0","0,0"
421,Volkswagen Turismos ID.3 MY21 ID.3 Pro Performance 150 kW (204 CV) Aut 1 Vel,,"0,0","0,0","0,0","0,0"
422,Volkswagen Turismos ID.3 MY21 ID.3 Pro Performance Business 150 kW (204 CV) Aut 1 Vel,,"0,0","0,0","0,0","0,0"
423,Volkswagen Turismos ID.3 MY21 ID.3 Pro Performance Life 150 kW (204 CV) Aut 1 Vel,,"0,0","0,0","0,0","0,0"
424,Volkswagen Turismos ID.3 MY21 ID.3 Pro Performance Max 150 kW (204 CV) Aut 1 Vel,,"0,0","0,0","0,0","0,0"
425,Volkswagen Turismos ID.3 MY21 ID.3 Pure Performance 110 kW (150 CV) Aut 1 Vel,,"0,0","0,0","0,0","0,0"
426,Volkswagen Turismos ID.3 MY21 ID.3 Pure Performance City 110 kW (150 CV) Aut 1 Vel,,"0,0","0,0","0,0","0,0"
427,Volkswagen Turismos ID.3 MY21 ID.3 Pure Performance Style 110 kW (150 CV) Aut 1 Vel,,"0,0","0,0","0,0","0,0"
428,Volkswagen Turismos ID.3 MY21 ID.3 Style 150 kW (204 CV) Aut 1 Vel,,"0,0","0,0","0,0","0,0"
429,Volkswagen Turismos ID.3 MY22 ID.3 Life 150 kW (204 CV) Automatico 1 vel.,,"0,0","0,0","0,0","0,0"
430,Volkswagen Turismos ID.3 MY22 ID.3 Pro 107 kW (145 CV) Automatico 1 vel.,,"0,0","0,0","0,0","0,0"
431,Volkswagen Turismos ID.3 MY22 ID.3 Pro Performance 150 kW (204 CV) Automatico 1 vel.,,"0,0","0,0","0,0","0,0"
432,Volkswagen Turismos ID.3 MY22 ID.3 Pro S 150 kW (204 CV) 77 kWh Automatico 1 vel.,,"0,0","0,0","0,0","0,0"
433,Volkswagen Turismos ID.3 MY22 ID.3 Pure Performance 110 kW (150 CV) Automatico 1 vel.,,"0,0","0,0","0,0","0,0"
434,Volkswagen Turismos ID.4 MY21 ID.4 1st 150 kW (204 CV),,"0,0","0,0","0,0","0,0"
435,Volkswagen Turismos ID.4 MY21 ID.4 1st Max 150 kW (204 CV),,"0,0","0,0","0,0","0,0"
436,Volkswagen Turismos ID.4 MY21 ID.4 Pro Performance 150 kW (204 CV),,"0,0","0,0","0,0","0,0"
437,Volkswagen Turismos ID.4 MY21 ID.4 Pro Performance Business 150 kW (204 CV),,"0,0","0,0","0,0","0,0"
438,Volkswagen Turismos ID.4 MY21 ID.4 Pro Performance Life 150 kW (204 CV),,"0,0","0,0","0,0","0,0"
439,Volkswagen Turismos ID.4 MY21 ID.4 Pro Performance Max 150 kW (204 CV),,"0,0","0,0","0,0","0,0"
440,Volkswagen Turismos ID.4 MY21 ID.4 Pure 109 kW (149 CV),,"0,0","0,0","0,0","0,0"
441,Volkswagen Turismos ID.4 MY21 ID.4 Pure City 109 kW (149 CV),,"0,0","0,0","0,0","0,0"
442,Volkswagen Turismos ID.4 MY21 ID.4 Pure Performance 125 kW (170 CV),,"0,0","0,0","0,0","0,0"
443,Volkswagen Turismos ID.4 MY21 ID.4 Pure Performance City 125 kW (170 CV),,"0,0","0,0","0,0","0,0"
444,Volkswagen Turismos ID.4 MY21 ID.4 Pure Performance Style 125 kW (170 CV),,"0,0","0,0","0,0","0,0"
445,Volkswagen Turismos ID.4 MY21 ID.4 Pure Style 109 kW (149 CV),,"0,0","0,0","0,0","0,0"
446,Volkswagen Turismos ID.4 MY22 ID.4 1st 150 kW (204 CV) Automatico 1 vel.,,"0,0","0,0","0,0","0,0"
447,Volkswagen Turismos ID.4 MY22 ID.4 GTX 220 kW (299 CV) Automatico 1 vel.,,"0,0","0,0","0,0","0,0"
448,Volkswagen Turismos ID.4 MY22 ID.4 Pro 128 kW (174 CV) Automatico 1 vel.,,"0,0","0,0","0,0","0,0"
449,Volkswagen Turismos ID.4 MY22 ID.4 Pro Performance 150 kW (204 CV) Automatico 1 vel.,,"0,0","0,0","0,0","0,0"
450,Volkswagen Turismos ID.4 MY22 ID.4 Pure 109 kW (149 CV) Automatico 1 vel.,,"0,0","0,0","0,0","0,0"
451,Volkswagen Turismos ID.4 MY22 ID.4 Pure Performance 125 kW (170 CV) Automatico 1 vel.,,"0,0","0,0","0,0","0,0"
452,Volkswagen Turismos ID.5 MY22 ID.5 GTX 220kW (299 CV) Automático 1 vel.,,"0,0","0,0","0,0","0,0"
453,Volkswagen Turismos ID.5 MY22 ID.5 Pro 128kW (174 CV) Automático 1 vel.,,"0,0","0,0","0,0","0,0"
454,Volkswagen Turismos ID.5 MY22 ID.5 Pro Performance 150kW (204 CV) Automático 1 vel.,,"0,0","0,0","0,0","0,0"
455,Volkswagen Turismos Nuevo Arteon MY 21 Arteon 1.5 TSI 110 kW (150 CV) Manual 6 vel.,,"6,0","6,0","142,0","142,0"
456,Volkswagen Turismos Nuevo Arteon MY 21 Arteon 2.0 TDI 110 kW (150 CV) Manual 6 vel.,,"7,7","7,7","126,0","126,0"
457,Volkswagen Turismos Nuevo Arteon MY 21 Arteon Elegance 1.5 TSI 110kW (150CV) Manual 6 velocidades,,"7,8","7,8","150,0","150,0"
458,Volkswagen Turismos Nuevo Arteon MY 21 Arteon Elegance 2.0 TDI 110 kW (150 CV) Automático DSG 7 vel.,,"5,1","5,1","133,0","133,0"
459,Volkswagen Turismos Nuevo Arteon MY 21 Arteon Elegance 2.0 TDI 110kW (150CV) Manual 6 velocidades,,"5,8","5,8","133,0","133,0"
460,Volkswagen Turismos Nuevo Arteon MY 21 Arteon Elegance 2.0 TDI 147 kW (200 CV) Automático DSG 7 vel.,,"5,5","5,5","144,0","144,0"
461,Volkswagen Turismos Nuevo Arteon MY 21 Arteon Elegance 2.0 TSI 140 kW (190 CV) Automático DSG 7 vel.,,"7,8","7,8","165,0","165,0"
462,Volkswagen Turismos Nuevo Arteon MY 21 Arteon R-Line 1.5 TSI 110kW (150CV) Manual 6 velocidades,,"7,8","7,8","150,0","150,0"
463,Volkswagen Turismos Nuevo Arteon MY 21 Arteon R-Line 2.0 TDI 110 kW (150 CV) Automático DSG 7 vel. Diésel,,"5,1","5,1","133,0","133,0"
464,Volkswagen Turismos Nuevo Arteon MY 21 Arteon R-Line 2.0 TDI 110kW (150CV) Manual 6 velocidades,,"5,4","5,4","133,0","133,0"
465,Volkswagen Turismos Nuevo Arteon MY 21 Arteon R-Line 2.0 TDI 147 kW (200 CV) Automático DSG 7 vel.,,"5,5","5,5","144,0","144,0"
466,Volkswagen Turismos Nuevo Arteon MY 21 Arteon R-Line 2.0 TSI 140 kW (190 CV) Automático DSG 7 vel.,,"7,8","7,8","165,0","165,0"
467,Volkswagen Turismos Nuevo Arteon MY21 Arteon eHybrid Elegance 1.4 TSI Combinado: 160 kW (218 CV) Automático DSG 6 vel.,,"1,3","1,3","30,0","30,0"
468,Volkswagen Turismos Nuevo Arteon MY21 Arteon eHybrid R-Line 1.4 TSI Combinado: 160 kW (218 CV) Automático DSG 6 vel.,,"1,3","1,3","30,0","30,0"
469,Volkswagen Turismos Nuevo Arteon Shooting Brake MY 21 Arteon Shooting Brake 1.5 TSI 110 kW (150 CV) Manual 6 vel.,,"6,0","6,0","144,0","144,0"
470,Volkswagen Turismos Nuevo Arteon Shooting Brake MY 21 Arteon Shooting Brake 2.0 TDI 110 kW (150 CV) Manual 6 vel.,,"7,7","7,7","128,0","128,0"
471,Volkswagen Turismos Nuevo Arteon Shooting Brake MY 21 Arteon Shooting Brake Elegance 1.5 TSI 110kW (150CV) Manual 6 velocidades,,"7,8","7,8","152,0","152,0"
472,Volkswagen Turismos Nuevo Arteon Shooting Brake MY 21 Arteon Shooting Brake Elegance 2.0 TDI 110 kW (150 CV) Automático DSG 7 vel.,,"5,2","5,2","135,0","135,0"
473,Volkswagen Turismos Nuevo Arteon Shooting Brake MY 21 Arteon Shooting Brake Elegance 2.0 TDI 110kW (150CV) Manual 6 velocidades,,"5,8","5,8","135,0","135,0"
474,Volkswagen Turismos Nuevo Arteon Shooting Brake MY 21 Arteon Shooting Brake Elegance 2.0 TDI 147 kW (200 CV) Automático DSG 7 vel.,,"5,6","5,6","147,0","147,0"
475,Volkswagen Turismos Nuevo Arteon Shooting Brake MY 21 Arteon Shooting Brake Elegance 2.0 TSI 140 kW (190 CV) Automático DSG 7 vel.,,"7,9","7,9","167,0","167,0"
476,Volkswagen Turismos Nuevo Arteon Shooting Brake MY 21 Arteon Shooting Brake R-Line 1.5 TSI 110kW (150CV) Manual 6 velocidades,,"7,8","7,8","176,0","176,0"
477,Volkswagen Turismos Nuevo Arteon Shooting Brake MY 21 Arteon Shooting Brake R-Line 2.0 TDI 110 kW (150 CV) Automático DSG 7 vel. Diésel,,"5,2","5,2","135,0","135,0"
478,Volkswagen Turismos Nuevo Arteon Shooting Brake MY 21 Arteon Shooting Brake R-Line 2.0 TDI 110kW (150CV) Manual 6 velocidades,,"5,8","5,8","138,0","138,0"
479,Volkswagen Turismos Nuevo Arteon Shooting Brake MY 21 Arteon Shooting Brake R-Line 2.0 TDI 147 kW (200 CV) Automático DSG 7 vel.,,"5,6","5,6","147,0","147,0"
480,Volkswagen Turismos Nuevo Arteon Shooting Brake MY 21 Arteon Shooting Brake R-Line 2.0 TSI 140 kW (190 CV) Automático DSG 7 vel.,,"7,9","7,9","167,0","167,0"
481,Volkswagen Turismos Nuevo Arteon Shooting Brake MY21 Arteon Shooting Brake eHybrid Elegance 1.4 TSI Combinado: 160 kW (218 CV) Automático DSG 6 vel.,,"1,3","1,3","31,0","31,0"
482,Volkswagen Turismos Nuevo Arteon Shooting Brake MY21 Arteon Shooting Brake eHybrid R-Line 1.4 TSI Combinado: 160 kW (218 CV) Automático DSG 6 vel.,,"1,3","1,3","31,0","31,0"
483,Volkswagen Turismos Nuevo Tiguan MY 21 Nuevo Tiguan eHybrid Life 1.4 TSI Combinado: 180 kW (245 CV) Automático DSG 6 vel.,,"1,6","1,6","39,0","39,0"
484,Volkswagen Turismos Nuevo Tiguan MY Nuevo Tiguan eHybrid R-Line 1.4 TSI Combinado: 180 kW (245 CV) Automático DSG 6 vel.,,"1,8","1,8","42,0","42,0"
485,Volkswagen Turismos Nuevo Tiguan MY21 Nuevo Tiguan PA 1.5 TSI 96 kW (130 CV),,"6,3","6,3","143,0","143,0"
486,Volkswagen Turismos Nuevo Tiguan MY21 Nuevo Tiguan PA 2.0 TDI 90 kW (122 CV) 6 vel.,,"5,1","5,1","133,0","133,0"
487,Volkswagen Turismos Nuevo Tiguan MY21 Nuevo Tiguan PA Life 1.5 TDI 110 kW (150 CV) 6 vel.,,"5,2","5,2","137,0","137,0"
